seed,fold,model_id,validation_images,accuracy_percent,macro_precision_percent,macro_recall_percent,macro_f1_percent,weighted_f1_percent,roc_auc_macro_ovr
42,1,C-Arch-05-MS_s42_fold1,150,84.66666666666667,85.85114678282379,84.18126143738128,84.4426858848608,84.6450561663918,0.9737986659913076
42,2,C-Arch-05-MS_s42_fold2,133,86.46616541353383,90.00206143063286,85.26587301587301,85.62496169639026,86.22654609496715,0.968492640918949
42,3,C-Arch-05-MS_s42_fold3,145,91.72413793103448,92.71099407504938,91.74722520587181,91.79879857081171,91.68285108782509,0.9836872239249149
42,4,C-Arch-05-MS_s42_fold4,147,85.71428571428571,87.71861471861472,84.85666994070355,85.21788034513116,85.80473440980559,0.964758837823119
42,5,C-Arch-05-MS_s42_fold5,145,91.0344827586207,91.33207143733459,91.76953252696958,91.35390372365163,90.85680870670728,0.9830972764341993
123,1,C-Arch-05-MS_s123_fold1,145,88.27586206896552,88.68560011417154,88.32815734989649,88.04883972292467,88.42558171887603,0.9732353040698624
123,2,C-Arch-05-MS_s123_fold2,155,85.16129032258064,87.10505181093417,84.86951144094002,84.98846445759645,85.10685632422424,0.9676301113269828
123,3,C-Arch-05-MS_s123_fold3,141,85.1063829787234,86.13245234297865,85.47660276231704,85.36635863253042,85.46728956342908,0.9560174439564391
123,4,C-Arch-05-MS_s123_fold4,133,90.97744360902256,92.33124018838305,92.26588870067131,91.87512663321591,91.01516837223116,0.9742198185676446
123,5,C-Arch-05-MS_s123_fold5,146,90.41095890410958,91.52393500219588,90.04638218923934,90.33586123775689,90.45056147453876,0.990568681991273
3407,1,C-Arch-05-MS_s3407_fold1,147,85.03401360544217,86.73671049447448,85.81322094055014,86.07482123284097,85.09036948112578,0.982613732276406
3407,2,C-Arch-05-MS_s3407_fold2,140,91.42857142857143,93.31762690083531,92.52071737786024,92.64202785941916,91.5547825765217,0.9892541596374215
3407,3,C-Arch-05-MS_s3407_fold3,152,84.86842105263158,85.49077964519142,86.09977324263039,83.64507002304086,84.14743073609205,0.9789676479891055
3407,4,C-Arch-05-MS_s3407_fold4,142,88.73239436619718,89.9392761056992,89.73463131071827,89.39263748087278,88.57966745083564,0.9719560689710619
3407,5,C-Arch-05-MS_s3407_fold5,139,83.45323741007195,86.32199915539339,83.58705587498157,83.14412864338074,82.89998224787747,0.9643300788532319
2026,1,C-Arch-05-MS_s2026_fold1,155,86.45161290322581,87.57672299689105,86.91472101083086,86.56722514451654,86.67206154342647,0.9870057463671038
2026,2,C-Arch-05-MS_s2026_fold2,146,86.98630136986301,88.78292078292078,85.09833024118738,85.9694378682965,86.9776472326882,0.9824893941106759
2026,3,C-Arch-05-MS_s2026_fold3,140,87.85714285714286,89.02965541933654,88.2398456458607,88.50137805025024,87.89694378980093,0.9865434618535363
2026,4,C-Arch-05-MS_s2026_fold4,141,87.2340425531915,87.66063510424414,88.47354159054926,87.69525661018305,87.14057396896516,0.9817471180335735
2026,5,C-Arch-05-MS_s2026_fold5,138,92.02898550724638,92.49489795918367,91.80643917486023,91.43291713848659,91.83189559614574,0.98538178298774
999,1,C-Arch-05-MS_s999_fold1,137,89.05109489051095,89.75919221443517,89.22068827531012,88.88368081824188,88.95447358096838,0.9827342989137945
999,2,C-Arch-05-MS_s999_fold2,133,82.70676691729322,83.82604237867396,80.74960127591707,81.25636268493412,82.78333195626429,0.9456662372332131
999,3,C-Arch-05-MS_s999_fold3,148,88.51351351351352,91.01966873706004,89.00267836603241,89.08674663204782,88.70313680388773,0.9723714250973369
999,4,C-Arch-05-MS_s999_fold4,139,82.73381294964028,85.48336096452311,84.16202953633486,82.58616968494587,82.2848406780416,0.9804538215541322
999,5,C-Arch-05-MS_s999_fold5,163,88.34355828220859,89.17582417582418,88.7069597069597,87.96018778555734,88.5869405962302,0.9762053538042732
