seed,fold,model_id,class_name,support,precision_percent,recall_percent,f1_percent
42,1,C-Arch-05-MS_s42_fold1,Abrasions,23,73.33333333333333,95.65217391304348,83.01886792452831
42,1,C-Arch-05-MS_s42_fold1,Bruises,21,83.33333333333334,95.23809523809523,88.88888888888889
42,1,C-Arch-05-MS_s42_fold1,Burns,23,91.30434782608695,91.30434782608695,91.30434782608695
42,1,C-Arch-05-MS_s42_fold1,Cut,23,90.0,78.26086956521739,83.72093023255815
42,1,C-Arch-05-MS_s42_fold1,Ingrown_nails,21,100.0,80.95238095238095,89.47368421052632
42,1,C-Arch-05-MS_s42_fold1,Laceration,22,77.27272727272727,77.27272727272727,77.27272727272727
42,1,C-Arch-05-MS_s42_fold1,Stab_wound,17,85.71428571428571,70.58823529411765,77.41935483870968
42,2,C-Arch-05-MS_s42_fold2,Abrasions,16,71.42857142857143,93.75,81.08108108108108
42,2,C-Arch-05-MS_s42_fold2,Bruises,25,100.0,92.0,95.83333333333334
42,2,C-Arch-05-MS_s42_fold2,Burns,18,88.88888888888889,88.88888888888889,88.88888888888889
42,2,C-Arch-05-MS_s42_fold2,Cut,18,100.0,55.55555555555556,71.42857142857143
42,2,C-Arch-05-MS_s42_fold2,Ingrown_nails,18,100.0,100.0,100.0
42,2,C-Arch-05-MS_s42_fold2,Laceration,23,69.6969696969697,100.0,82.14285714285714
42,2,C-Arch-05-MS_s42_fold2,Stab_wound,15,100.0,66.66666666666666,80.0
42,3,C-Arch-05-MS_s42_fold3,Abrasions,21,90.47619047619048,90.47619047619048,90.47619047619048
42,3,C-Arch-05-MS_s42_fold3,Bruises,21,84.0,100.0,91.30434782608695
42,3,C-Arch-05-MS_s42_fold3,Burns,19,100.0,78.94736842105263,88.23529411764706
42,3,C-Arch-05-MS_s42_fold3,Cut,24,100.0,83.33333333333334,90.9090909090909
42,3,C-Arch-05-MS_s42_fold3,Ingrown_nails,12,100.0,100.0,100.0
42,3,C-Arch-05-MS_s42_fold3,Laceration,19,80.95238095238095,89.47368421052632,85.0
42,3,C-Arch-05-MS_s42_fold3,Stab_wound,29,93.54838709677419,100.0,96.66666666666667
42,4,C-Arch-05-MS_s42_fold4,Abrasions,22,76.0,86.36363636363636,80.85106382978722
42,4,C-Arch-05-MS_s42_fold4,Bruises,22,91.66666666666666,100.0,95.65217391304348
42,4,C-Arch-05-MS_s42_fold4,Burns,17,100.0,58.82352941176471,74.07407407407408
42,4,C-Arch-05-MS_s42_fold4,Cut,21,86.36363636363636,90.47619047619048,88.37209302325581
42,4,C-Arch-05-MS_s42_fold4,Ingrown_nails,24,100.0,83.33333333333334,90.9090909090909
42,4,C-Arch-05-MS_s42_fold4,Laceration,20,60.0,75.0,66.66666666666666
42,4,C-Arch-05-MS_s42_fold4,Stab_wound,21,100.0,100.0,100.0
42,5,C-Arch-05-MS_s42_fold5,Abrasions,23,89.47368421052632,73.91304347826086,80.95238095238095
42,5,C-Arch-05-MS_s42_fold5,Bruises,20,86.36363636363636,95.0,90.47619047619048
42,5,C-Arch-05-MS_s42_fold5,Burns,25,84.0,84.0,84.0
42,5,C-Arch-05-MS_s42_fold5,Cut,16,88.88888888888889,100.0,94.11764705882352
42,5,C-Arch-05-MS_s42_fold5,Ingrown_nails,25,96.15384615384616,100.0,98.0392156862745
42,5,C-Arch-05-MS_s42_fold5,Laceration,19,94.44444444444444,89.47368421052632,91.8918918918919
42,5,C-Arch-05-MS_s42_fold5,Stab_wound,17,100.0,100.0,100.0
123,1,C-Arch-05-MS_s123_fold1,Abrasions,24,88.46153846153845,95.83333333333334,92.0
123,1,C-Arch-05-MS_s123_fold1,Bruises,23,90.9090909090909,86.95652173913044,88.88888888888889
123,1,C-Arch-05-MS_s123_fold1,Burns,12,71.42857142857143,83.33333333333334,76.92307692307693
123,1,C-Arch-05-MS_s123_fold1,Cut,23,95.0,82.6086956521739,88.37209302325581
123,1,C-Arch-05-MS_s123_fold1,Ingrown_nails,17,100.0,100.0,100.0
123,1,C-Arch-05-MS_s123_fold1,Laceration,23,75.0,91.30434782608695,82.35294117647058
123,1,C-Arch-05-MS_s123_fold1,Stab_wound,23,100.0,78.26086956521739,87.8048780487805
123,2,C-Arch-05-MS_s123_fold2,Abrasions,25,88.46153846153845,92.0,90.19607843137256
123,2,C-Arch-05-MS_s123_fold2,Bruises,21,66.66666666666666,95.23809523809523,78.43137254901961
123,2,C-Arch-05-MS_s123_fold2,Burns,25,100.0,72.0,83.72093023255815
123,2,C-Arch-05-MS_s123_fold2,Cut,18,92.3076923076923,66.66666666666666,77.41935483870968
123,2,C-Arch-05-MS_s123_fold2,Ingrown_nails,12,100.0,100.0,100.0
123,2,C-Arch-05-MS_s123_fold2,Laceration,22,68.18181818181817,68.18181818181817,68.18181818181817
123,2,C-Arch-05-MS_s123_fold2,Stab_wound,32,94.11764705882352,100.0,96.96969696969697
123,3,C-Arch-05-MS_s123_fold3,Abrasions,18,88.88888888888889,88.88888888888889,88.88888888888889
123,3,C-Arch-05-MS_s123_fold3,Bruises,20,76.0,95.0,84.44444444444444
123,3,C-Arch-05-MS_s123_fold3,Burns,21,89.47368421052632,80.95238095238095,85.0
123,3,C-Arch-05-MS_s123_fold3,Cut,17,100.0,100.0,100.0
123,3,C-Arch-05-MS_s123_fold3,Ingrown_nails,25,100.0,84.0,91.30434782608695
123,3,C-Arch-05-MS_s123_fold3,Laceration,18,59.09090909090909,72.22222222222221,65.0
123,3,C-Arch-05-MS_s123_fold3,Stab_wound,22,89.47368421052632,77.27272727272727,82.92682926829268
123,4,C-Arch-05-MS_s123_fold4,Abrasions,18,100.0,88.88888888888889,94.11764705882352
123,4,C-Arch-05-MS_s123_fold4,Bruises,23,88.46153846153845,100.0,93.87755102040816
123,4,C-Arch-05-MS_s123_fold4,Burns,23,95.0,82.6086956521739,88.37209302325581
123,4,C-Arch-05-MS_s123_fold4,Cut,22,95.0,86.36363636363636,90.47619047619048
123,4,C-Arch-05-MS_s123_fold4,Ingrown_nails,16,76.19047619047619,100.0,86.48648648648648
123,4,C-Arch-05-MS_s123_fold4,Laceration,25,91.66666666666666,88.0,89.79591836734694
123,4,C-Arch-05-MS_s123_fold4,Stab_wound,6,100.0,100.0,100.0
123,5,C-Arch-05-MS_s123_fold5,Abrasions,20,73.91304347826086,85.0,79.06976744186046
123,5,C-Arch-05-MS_s123_fold5,Bruises,22,86.95652173913044,90.9090909090909,88.88888888888889
123,5,C-Arch-05-MS_s123_fold5,Burns,21,100.0,90.47619047619048,95.0
123,5,C-Arch-05-MS_s123_fold5,Cut,22,100.0,77.27272727272727,87.17948717948718
123,5,C-Arch-05-MS_s123_fold5,Ingrown_nails,30,90.9090909090909,100.0,95.23809523809523
123,5,C-Arch-05-MS_s123_fold5,Laceration,15,100.0,86.66666666666667,92.85714285714286
123,5,C-Arch-05-MS_s123_fold5,Stab_wound,16,88.88888888888889,100.0,94.11764705882352
3407,1,C-Arch-05-MS_s3407_fold1,Abrasions,23,75.0,91.30434782608695,82.35294117647058
3407,1,C-Arch-05-MS_s3407_fold1,Bruises,21,85.71428571428571,85.71428571428571,85.71428571428571
3407,1,C-Arch-05-MS_s3407_fold1,Burns,23,68.18181818181817,65.21739130434783,66.66666666666666
3407,1,C-Arch-05-MS_s3407_fold1,Cut,16,100.0,87.5,93.33333333333333
3407,1,C-Arch-05-MS_s3407_fold1,Ingrown_nails,25,91.30434782608695,84.0,87.5
3407,1,C-Arch-05-MS_s3407_fold1,Laceration,23,86.95652173913044,86.95652173913044,86.95652173913044
3407,1,C-Arch-05-MS_s3407_fold1,Stab_wound,16,100.0,100.0,100.0
3407,2,C-Arch-05-MS_s3407_fold2,Abrasions,22,91.30434782608695,95.45454545454545,93.33333333333333
3407,2,C-Arch-05-MS_s3407_fold2,Bruises,21,100.0,85.71428571428571,92.3076923076923
3407,2,C-Arch-05-MS_s3407_fold2,Burns,25,79.3103448275862,92.0,85.18518518518519
3407,2,C-Arch-05-MS_s3407_fold2,Cut,14,100.0,100.0,100.0
3407,2,C-Arch-05-MS_s3407_fold2,Ingrown_nails,25,100.0,84.0,91.30434782608695
3407,2,C-Arch-05-MS_s3407_fold2,Laceration,21,82.6086956521739,90.47619047619048,86.36363636363636
3407,2,C-Arch-05-MS_s3407_fold2,Stab_wound,12,100.0,100.0,100.0
3407,3,C-Arch-05-MS_s3407_fold3,Abrasions,20,90.0,90.0,90.0
3407,3,C-Arch-05-MS_s3407_fold3,Bruises,21,65.625,100.0,79.24528301886792
3407,3,C-Arch-05-MS_s3407_fold3,Burns,21,100.0,57.14285714285714,72.72727272727273
3407,3,C-Arch-05-MS_s3407_fold3,Cut,27,83.33333333333334,55.55555555555556,66.66666666666666
3407,3,C-Arch-05-MS_s3407_fold3,Ingrown_nails,12,70.58823529411765,100.0,82.75862068965517
3407,3,C-Arch-05-MS_s3407_fold3,Laceration,16,88.88888888888889,100.0,94.11764705882352
3407,3,C-Arch-05-MS_s3407_fold3,Stab_wound,35,100.0,100.0,100.0
3407,4,C-Arch-05-MS_s3407_fold4,Abrasions,21,87.5,66.66666666666666,75.67567567567568
3407,4,C-Arch-05-MS_s3407_fold4,Bruises,22,95.65217391304348,100.0,97.77777777777777
3407,4,C-Arch-05-MS_s3407_fold4,Burns,16,88.23529411764706,93.75,90.9090909090909
3407,4,C-Arch-05-MS_s3407_fold4,Cut,26,95.45454545454545,80.76923076923077,87.5
3407,4,C-Arch-05-MS_s3407_fold4,Ingrown_nails,13,100.0,100.0,100.0
3407,4,C-Arch-05-MS_s3407_fold4,Laceration,23,71.42857142857143,86.95652173913044,78.43137254901961
3407,4,C-Arch-05-MS_s3407_fold4,Stab_wound,21,91.30434782608695,100.0,95.45454545454545
3407,5,C-Arch-05-MS_s3407_fold5,Abrasions,19,78.26086956521739,94.73684210526315,85.71428571428571
3407,5,C-Arch-05-MS_s3407_fold5,Bruises,24,64.70588235294117,91.66666666666666,75.86206896551724
3407,5,C-Arch-05-MS_s3407_fold5,Burns,17,91.66666666666666,64.70588235294117,75.86206896551724
3407,5,C-Arch-05-MS_s3407_fold5,Cut,19,90.47619047619048,100.0,95.0
3407,5,C-Arch-05-MS_s3407_fold5,Ingrown_nails,25,100.0,84.0,91.30434782608695
3407,5,C-Arch-05-MS_s3407_fold5,Laceration,20,90.9090909090909,50.0,64.51612903225806
3407,5,C-Arch-05-MS_s3407_fold5,Stab_wound,15,88.23529411764706,100.0,93.75
2026,1,C-Arch-05-MS_s2026_fold1,Abrasions,26,85.71428571428571,92.3076923076923,88.88888888888889
2026,1,C-Arch-05-MS_s2026_fold1,Bruises,19,90.0,94.73684210526315,92.3076923076923
2026,1,C-Arch-05-MS_s2026_fold1,Burns,22,94.11764705882352,72.72727272727273,82.05128205128204
2026,1,C-Arch-05-MS_s2026_fold1,Cut,23,90.0,78.26086956521739,83.72093023255815
2026,1,C-Arch-05-MS_s2026_fold1,Ingrown_nails,20,100.0,100.0,100.0
2026,1,C-Arch-05-MS_s2026_fold1,Laceration,18,61.53846153846154,88.88888888888889,72.72727272727273
2026,1,C-Arch-05-MS_s2026_fold1,Stab_wound,27,91.66666666666666,81.48148148148148,86.27450980392157
2026,2,C-Arch-05-MS_s2026_fold2,Abrasions,21,86.36363636363636,90.47619047619048,88.37209302325581
2026,2,C-Arch-05-MS_s2026_fold2,Bruises,21,76.0,90.47619047619048,82.6086956521739
2026,2,C-Arch-05-MS_s2026_fold2,Burns,25,96.15384615384616,100.0,98.0392156862745
2026,2,C-Arch-05-MS_s2026_fold2,Cut,11,100.0,63.63636363636363,77.77777777777779
2026,2,C-Arch-05-MS_s2026_fold2,Ingrown_nails,25,100.0,84.0,91.30434782608695
2026,2,C-Arch-05-MS_s2026_fold2,Laceration,22,74.07407407407408,90.9090909090909,81.63265306122449
2026,2,C-Arch-05-MS_s2026_fold2,Stab_wound,21,88.88888888888889,76.19047619047619,82.05128205128204
2026,3,C-Arch-05-MS_s2026_fold3,Abrasions,21,90.47619047619048,90.47619047619048,90.47619047619048
2026,3,C-Arch-05-MS_s2026_fold3,Bruises,20,85.0,85.0,85.0
2026,3,C-Arch-05-MS_s2026_fold3,Burns,19,73.68421052631578,73.68421052631578,73.68421052631578
2026,3,C-Arch-05-MS_s2026_fold3,Cut,18,100.0,83.33333333333334,90.9090909090909
2026,3,C-Arch-05-MS_s2026_fold3,Ingrown_nails,27,79.3103448275862,85.18518518518519,82.14285714285714
2026,3,C-Arch-05-MS_s2026_fold3,Laceration,18,94.73684210526315,100.0,97.2972972972973
2026,3,C-Arch-05-MS_s2026_fold3,Stab_wound,17,100.0,100.0,100.0
2026,4,C-Arch-05-MS_s2026_fold4,Abrasions,18,71.42857142857143,83.33333333333334,76.92307692307693
2026,4,C-Arch-05-MS_s2026_fold4,Bruises,23,88.46153846153845,100.0,93.87755102040816
2026,4,C-Arch-05-MS_s2026_fold4,Burns,17,86.66666666666667,76.47058823529412,81.25
2026,4,C-Arch-05-MS_s2026_fold4,Cut,32,92.85714285714286,81.25,86.66666666666667
2026,4,C-Arch-05-MS_s2026_fold4,Ingrown_nails,12,100.0,100.0,100.0
2026,4,C-Arch-05-MS_s2026_fold4,Laceration,23,90.0,78.26086956521739,83.72093023255815
2026,4,C-Arch-05-MS_s2026_fold4,Stab_wound,16,84.21052631578947,100.0,91.42857142857143
2026,5,C-Arch-05-MS_s2026_fold5,Abrasions,19,85.71428571428571,94.73684210526315,90.0
2026,5,C-Arch-05-MS_s2026_fold5,Bruises,26,100.0,96.15384615384616,98.0392156862745
2026,5,C-Arch-05-MS_s2026_fold5,Burns,19,100.0,68.42105263157895,81.25
2026,5,C-Arch-05-MS_s2026_fold5,Cut,18,93.75,83.33333333333334,88.23529411764706
2026,5,C-Arch-05-MS_s2026_fold5,Ingrown_nails,16,80.0,100.0,88.88888888888889
2026,5,C-Arch-05-MS_s2026_fold5,Laceration,22,88.0,100.0,93.61702127659575
2026,5,C-Arch-05-MS_s2026_fold5,Stab_wound,18,100.0,100.0,100.0
999,1,C-Arch-05-MS_s999_fold1,Abrasions,24,95.0,79.16666666666666,86.36363636363636
999,1,C-Arch-05-MS_s999_fold1,Bruises,24,95.65217391304348,91.66666666666666,93.61702127659575
999,1,C-Arch-05-MS_s999_fold1,Burns,16,100.0,75.0,85.71428571428571
999,1,C-Arch-05-MS_s999_fold1,Cut,17,88.23529411764706,88.23529411764706,88.23529411764706
999,1,C-Arch-05-MS_s999_fold1,Ingrown_nails,18,81.81818181818183,100.0,90.0
999,1,C-Arch-05-MS_s999_fold1,Laceration,21,82.6086956521739,90.47619047619048,86.36363636363636
999,1,C-Arch-05-MS_s999_fold1,Stab_wound,17,85.0,100.0,91.8918918918919
999,2,C-Arch-05-MS_s999_fold2,Abrasions,19,85.0,89.47368421052632,87.17948717948718
999,2,C-Arch-05-MS_s999_fold2,Bruises,20,90.0,90.0,90.0
999,2,C-Arch-05-MS_s999_fold2,Burns,20,94.73684210526315,90.0,92.3076923076923
999,2,C-Arch-05-MS_s999_fold2,Cut,19,100.0,57.89473684210527,73.33333333333333
999,2,C-Arch-05-MS_s999_fold2,Ingrown_nails,20,100.0,100.0,100.0
999,2,C-Arch-05-MS_s999_fold2,Laceration,24,62.5,83.33333333333334,71.42857142857143
999,2,C-Arch-05-MS_s999_fold2,Stab_wound,11,54.54545454545454,54.54545454545454,54.54545454545454
999,3,C-Arch-05-MS_s999_fold3,Abrasions,23,87.5,91.30434782608695,89.36170212765957
999,3,C-Arch-05-MS_s999_fold3,Bruises,23,91.30434782608695,91.30434782608695,91.30434782608695
999,3,C-Arch-05-MS_s999_fold3,Burns,21,100.0,71.42857142857143,83.33333333333334
999,3,C-Arch-05-MS_s999_fold3,Cut,16,100.0,87.5,93.33333333333333
999,3,C-Arch-05-MS_s999_fold3,Ingrown_nails,18,100.0,100.0,100.0
999,3,C-Arch-05-MS_s999_fold3,Laceration,20,66.66666666666666,100.0,80.0
999,3,C-Arch-05-MS_s999_fold3,Stab_wound,27,91.66666666666666,81.48148148148148,86.27450980392157
999,4,C-Arch-05-MS_s999_fold4,Abrasions,14,68.42105263157895,92.85714285714286,78.78787878787878
999,4,C-Arch-05-MS_s999_fold4,Bruises,23,86.95652173913044,86.95652173913044,86.95652173913044
999,4,C-Arch-05-MS_s999_fold4,Burns,19,100.0,52.63157894736842,68.96551724137932
999,4,C-Arch-05-MS_s999_fold4,Cut,26,100.0,65.38461538461539,79.06976744186046
999,4,C-Arch-05-MS_s999_fold4,Ingrown_nails,12,85.71428571428571,100.0,92.3076923076923
999,4,C-Arch-05-MS_s999_fold4,Laceration,23,65.625,91.30434782608695,76.36363636363637
999,4,C-Arch-05-MS_s999_fold4,Stab_wound,22,91.66666666666666,100.0,95.65217391304348
999,5,C-Arch-05-MS_s999_fold5,Abrasions,25,100.0,88.0,93.61702127659575
999,5,C-Arch-05-MS_s999_fold5,Bruises,19,63.33333333333333,100.0,77.55102040816327
999,5,C-Arch-05-MS_s999_fold5,Burns,26,84.61538461538461,84.61538461538461,84.61538461538461
999,5,C-Arch-05-MS_s999_fold5,Cut,24,100.0,100.0,100.0
999,5,C-Arch-05-MS_s999_fold5,Ingrown_nails,32,100.0,75.0,85.71428571428571
999,5,C-Arch-05-MS_s999_fold5,Laceration,15,84.61538461538461,73.33333333333333,78.57142857142857
999,5,C-Arch-05-MS_s999_fold5,Stab_wound,22,91.66666666666666,100.0,95.65217391304348
